"","permutations_results","controls_results"
"1",0.000913281580628557,0.000895272985611283
"2",0.000896619014750922,NA
"3",0.000875779884429209,NA
"4",0.000894609918965706,NA
"5",0.000900727656243083,NA
