"","permutations_results","controls_results"
"1",0.001498536796261,0.00148439895649921
"2",0.00154086825275596,NA
"3",0.00153512413597372,NA
"4",0.00150327465079962,NA
"5",0.0014998478568033,NA
