"","permutations_results","controls_results"
"1",0.00330616985175513,0.00163446336514909
"2",0.00337675949454588,NA
"3",0.00328606139428003,NA
"4",0.00337804976182107,NA
"5",0.00332620038024081,NA
