"","permutations_results","controls_results"
"1",0.261478527968214,0.213700026679426
"2",0.2574883690757,NA
"3",0.258907415287865,NA
"4",0.261782394336072,NA
"5",0.261290071532478,NA
