"","permutations_results","controls_results"
"1",0.00328637515946774,0.00163446336514909
"2",0.00332005057795557,NA
"3",0.00332190104149831,NA
"4",0.00337531949919524,NA
"5",0.00326003963988911,NA
