"","permutations_results","controls_results"
"1",0.25549055811163,0.223085759315538
"2",0.254671296522049,NA
"3",0.256553062016202,NA
"4",0.254419220806653,NA
"5",0.255450742078127,NA
