"","permutations_results","controls_results"
"1",0.189894884403946,0.188617287206196
"2",0.188070789198563,NA
"3",0.188924708271313,NA
"4",0.189718971094135,NA
"5",0.188205751915779,NA
