"","permutations_results","controls_results"
"1",0.000885814744721415,0.000868848981046973
"2",0.000868065064665799,NA
"3",0.000884185878031081,NA
"4",0.00090143285871624,NA
"5",0.000875371406353252,NA
