"","permutations_results","controls_results"
"1",0.00330452372686682,0.00162962260199687
"2",0.00327272291556988,NA
"3",0.00327628059138657,NA
"4",0.00326817599401759,NA
"5",0.00333804855695315,NA
