"","permutations_results","controls_results"
"1",0.00218764815046408,0.00153475433316737
"2",0.00218497663229615,NA
"3",0.00214517051977643,NA
"4",0.00216529324336392,NA
"5",0.00214557174797313,NA
