"","permutations_results","controls_results"
"1",0.00327715566357903,0.00162962260199687
"2",0.00326408285075751,NA
"3",0.00328366896298565,NA
"4",0.00329626587852287,NA
"5",0.00329335137507641,NA
