"","permutations_results","controls_results"
"1",0.000881950297781001,0.000895272985611283
"2",0.000895788680825457,NA
"3",0.000890854795412349,NA
"4",0.000870594106874363,NA
"5",0.000917269939438974,NA
