"","permutations_results","controls_results"
"1",0.18804367967853,0.187360032564827
"2",0.185035675704845,NA
"3",0.187462164336227,NA
"4",0.185493830486249,NA
"5",0.186765213514447,NA
