"","permutations_results","controls_results"
"1",0.251960770411293,0.223085759315538
"2",0.255950368063175,NA
"3",0.253757155364852,NA
"4",0.252854958705423,NA
"5",0.257956479457502,NA
