"","permutations_results","controls_results"
"1",0.0018182978905446,0.000997218272563173
"2",0.00180885314162896,NA
"3",0.00178361479605646,NA
"4",0.00179127373100448,NA
"5",0.00178424918191732,NA
