"","permutations_results","controls_results"
"1",0.00153206518781155,0.00148439895649921
"2",0.00148856718020096,NA
"3",0.0014832866088535,NA
"4",0.00150305675401898,NA
"5",0.00148452320839771,NA
