"","permutations_results","controls_results"
"1",0.00178295653112442,0.0010085585386885
"2",0.00175843663882029,NA
"3",0.00179011029022182,NA
"4",0.00176251574808836,NA
"5",0.00177589275218197,NA
