"","permutations_results","controls_results"
"1",0.00181081866623185,0.000997218272563173
"2",0.00175450322904523,NA
"3",0.00180209257504092,NA
"4",0.00176825749720124,NA
"5",0.00180658494326633,NA
