"","permutations_results","controls_results"
"1",0.186893603867237,0.188617287206196
"2",0.18794446133764,NA
"3",0.186636682167468,NA
"4",0.183600364271522,NA
"5",0.190204509577325,NA
