"","permutations_results","controls_results"
"1",0.00218171680004247,0.00153475433316737
"2",0.00217013281222895,NA
"3",0.00216983866717436,NA
"4",0.00217814421660043,NA
"5",0.0021965228292604,NA
