"","permutations_results","controls_results"
"1",0.187779302297495,0.188781455780284
"2",0.18504852140393,NA
"3",0.182716535829888,NA
"4",0.185577826391232,NA
"5",0.184477174279584,NA
"6",0.18571668032965,NA
"7",0.188761533109495,NA
"8",0.187394994968834,NA
"9",0.192004363069228,NA
