"","permutations_results","controls_results"
"1",0.000894472481180518,0.000868848981046973
"2",0.000888466182282067,NA
"3",0.000886746548471129,NA
"4",0.00089351937594249,NA
"5",0.000887210899793392,NA
