"","permutations_results","controls_results"
"1",0.00175719320768187,0.0010085585386885
"2",0.00177246286369946,NA
"3",0.00174422171673787,NA
"4",0.00173549890445414,NA
"5",0.00178136006482402,NA
