"","permutations_results","controls_results"
"1",0.186589479505619,0.187360032564827
"2",0.188419589702558,NA
"3",0.185427182559617,NA
"4",0.188078400806026,NA
"5",0.188308440765382,NA
