"","permutations_results","controls_results"
"1",0.258890852820117,0.213700026679426
"2",0.252303455293163,NA
"3",0.259450342156641,NA
"4",0.260554421744643,NA
"5",0.262559546276774,NA
