"","variable","ins_score","y_score"
"1","math_2001_imp",0.249335244164461,1
"2","math_2001_miss",0.266772178060185,0.809963926620109
"3","read_2001_imp",0.251638680220083,0.991021352759582
"4","read_2001_miss",0.270097141107666,0.822557178774157
"5","ch1_mod2mix_all_test",0,0
"6","ch2_mod2mix_all_test",0.310254296739021,0.825014986486763
"7","ch3_mod2mix_all_test",0.33556079129279,0.77007490125515
"8","hm_mod2mix_all_test",1,0.789767564967826
