"","variable","ins_score","y_score"
"1","math_2001_imp",0.861762447049894,1
"2","math_2001_miss",0.897417142703951,0.793427029896343
"3","read_2001_imp",0.89555910302003,0.982797807277027
"4","read_2001_miss",0.931983140877464,0.802415649986447
"5","ch1_mod2mix_all_test",0,0
"6","ch2_mod2mix_all_test",0.947123173431283,0.830627912225263
"7","ch3_mod2mix_all_test",1,0.766162381440452
"8","hm_mod2mix_all_test",0.942359375639597,0.777476561693752
