"","variable","ins_score","y_score"
"1","math_2001_imp",0.983135994638586,1
"2","math_2001_miss",0.955781751978412,0.797744413071744
"3","read_2001_imp",0.976316753481645,0.966653118748338
"4","read_2001_miss",0.95861822876338,0.816296368058934
"5","ch1_mod2mix_all_test",0,0
"6","ch2_mod2mix_all_test",0.986406191361278,0.828952447799939
"7","ch3_mod2mix_all_test",1,0.758838070302908
"8","hm_mod2mix_all_test",0.971632516824799,0.779012383117147
